{"features": ["Hours_Studied", "Attendance", "Past_Score", "Sleep_Hours"], "mean": [1.1379786002407854e-16, 9.43689570931383e-16, 2.6645352591003756e-16, -8.881784197001253e-17], "std": [1.025978352085154, 1.025978352085154, 1.025978352085154, 1.025978352085154]}